empleado_id,fecha_encuesta,satisfaccion_general,oportunidades_crecimiento,relacion_supervisor,ambiente_laboral,beneficios,intencion_abandono,motivo_insatisfaccion,sugerencias
E585,2025-04-19,1,2,1,1,4,Sí,,Ad magni tempora cupiditate vero labore nulla minus sequi ad officia.
E787,2024-08-06,3,2,5,5,5,No,,
E388,2024-12-03,3,1,2,1,2,No,,Enim omnis vero recusandae nam neque quo itaque quaerat a nesciunt.
E134,2025-02-12,1,3,2,1,4,No,,Quisquam facilis laborum quos fugit veritatis ut in tempora nihil illum enim.
E263,2024-05-23,1,4,5,1,5,No,,Odio sed est suscipit sunt id at dolorem numquam sunt laborum quasi.
E349,2024-10-25,1,3,1,1,3,No,,
E186,2024-04-23,4,5,1,4,1,No,,
E462,2024-07-08,5,5,3,3,3,No,,
E617,2024-08-17,4,3,4,3,3,No,,
E825,2024-09-30,4,1,3,5,5,No,,
E522,2024-05-28,3,3,4,5,5,No,,Sed occaecati molestiae sapiente aliquid nemo ex.
E420,2024-05-28,2,4,4,5,4,No,,Quibusdam facilis corrupti recusandae non quae illum eius maxime.
E365,2025-03-11,1,1,2,1,1,Sí,Falta de reconocimiento,Magni odio ipsa inventore debitis at libero dolorum provident impedit quibusdam ducimus saepe.
E044,2024-07-13,1,1,1,5,2,No,,
E211,2024-07-02,2,3,5,5,5,Sí,Pocas oportunidades de crecimiento,Alias consequatur necessitatibus magnam blanditiis asperiores fuga.
E1043,2024-11-28,4,3,2,4,3,No,,
E409,2024-06-24,5,3,5,1,1,No,,
E146,2024-12-24,2,3,3,3,4,No,,Voluptates eligendi ab laudantium earum perferendis voluptates numquam ullam magnam fugit fuga.
E1041,2025-01-28,4,4,2,3,1,No,,
E092,2024-07-08,4,1,2,5,1,No,,
E1083,2024-05-28,4,1,2,3,4,No,,
E1117,2024-11-05,3,5,1,5,2,No,,
E1137,2025-02-03,1,1,2,4,5,No,,
E571,2024-07-14,1,4,5,5,1,Sí,Pocas oportunidades de crecimiento,
E746,2024-08-27,3,2,5,1,2,No,,
E694,2024-10-21,1,4,4,5,5,No,,Aliquid reprehenderit dolor numquam magnam aut dicta harum velit vel cupiditate nisi dolores.
E559,2024-08-03,2,2,2,5,4,No,,Reiciendis voluptas iste delectus rerum molestias sequi accusamus.
E495,2024-12-16,4,2,3,4,4,No,,
E953,2024-04-27,1,1,5,4,4,No,,
E005,2024-05-01,4,5,4,2,2,No,,
E034,2024-09-04,1,1,4,3,5,No,,
E473,2024-12-31,2,1,4,3,3,No,,Expedita debitis nostrum quod eveniet debitis distinctio at aperiam consequuntur eveniet officia.
E1112,2024-07-03,1,3,3,2,4,No,,Eum vitae libero provident labore error dolor.
E1046,2024-08-09,2,4,5,2,2,No,,
E432,2024-04-27,1,1,2,4,3,No,,
E876,2024-05-26,5,4,1,3,2,No,,
E243,2025-04-02,4,1,5,3,2,No,,
E861,2024-04-24,2,3,3,5,2,Sí,Falta de reconocimiento,Quibusdam at autem harum blanditiis quo officia perferendis minus officiis.
E705,2024-11-27,2,3,5,5,3,No,,Aut voluptatem ad vel quisquam voluptatibus sapiente nemo nesciunt.
E1036,2024-08-05,3,4,3,4,1,No,,
E110,2024-06-07,3,5,3,2,2,No,,Unde fugit sequi illum dolorum distinctio dolores praesentium aliquid quaerat consequatur sequi possimus.
E876,2024-10-22,4,5,2,3,2,No,,
E1121,2025-02-20,3,1,3,2,5,No,,Animi numquam beatae neque velit iste excepturi.
E903,2024-09-22,5,5,4,1,3,No,,
E792,2024-04-28,2,3,5,3,2,Sí,,
E196,2024-06-07,4,2,4,1,4,No,,
E231,2024-11-02,5,1,5,3,1,No,,
E661,2024-05-03,1,2,1,5,3,No,,
E1113,2024-09-01,3,1,3,4,4,No,,
E1061,2024-10-01,3,4,5,1,2,No,,Vitae a ad quis tempora sit dignissimos voluptatem a repudiandae corrupti cupiditate.
E145,2024-07-08,4,5,3,1,4,No,,
E017,2025-02-20,5,1,4,5,1,No,,
E423,2024-12-30,1,2,1,3,1,Sí,,
E954,2024-10-29,3,4,5,4,3,No,,Voluptate asperiores sapiente unde repellendus totam earum velit at aperiam sequi amet numquam.
E261,2025-02-03,5,4,4,3,4,No,,
E482,2024-08-27,1,5,5,5,4,No,,
E287,2024-06-04,5,2,5,5,2,No,,
E101,2025-01-18,5,3,5,4,2,No,,
E078,2024-05-22,5,2,2,2,5,No,,
E134,2025-03-22,2,1,2,4,4,No,,Dicta repellat dolore neque ea corrupti porro.
E1030,2024-11-06,4,2,1,1,5,No,,
E087,2025-02-12,3,4,5,4,1,No,,
E463,2024-08-30,1,3,4,1,2,No,,
E1185,2024-07-08,5,2,5,3,1,No,,
E818,2024-05-23,5,2,5,3,2,No,,
E406,2025-03-12,1,4,3,2,5,No,,
E904,2025-03-06,3,4,1,3,4,No,,
E477,2024-06-02,1,3,3,3,1,No,,
E129,2024-06-25,5,2,4,5,5,No,,
E844,2024-05-22,3,2,5,5,5,No,,
E1182,2024-08-25,5,4,1,2,4,No,,
E150,2025-04-04,3,5,3,2,1,No,,
E978,2024-05-18,3,5,2,5,4,No,,Deleniti cupiditate expedita deserunt corporis modi tempora.
E574,2024-05-18,2,5,4,2,5,No,,
E832,2024-09-06,2,2,2,4,1,No,,
E1037,2024-10-14,4,3,5,5,4,No,,
E650,2024-07-21,4,4,5,4,4,No,,
E899,2024-07-18,1,2,3,4,4,Sí,Falta de reconocimiento,
E281,2024-10-12,4,1,3,5,2,No,,
E661,2024-09-14,5,3,5,3,4,No,,
E042,2024-06-12,4,5,2,5,4,No,,
E201,2025-03-16,5,5,3,1,2,No,,
E262,2024-05-28,4,5,5,5,4,No,,
E1191,2024-10-20,4,2,1,4,3,No,,
E322,2024-12-15,3,4,4,5,4,No,,
E813,2024-07-15,3,2,5,3,1,No,,Recusandae id rerum praesentium vel enim ipsam a.
E797,2024-06-11,2,1,2,4,5,No,,
E052,2024-10-19,1,2,4,4,1,No,,Iure consequatur vitae mollitia fugit at culpa.
E1084,2024-07-01,4,4,4,3,1,No,,
E564,2024-07-16,5,1,2,3,3,No,,
E1073,2024-06-29,1,4,5,4,5,Sí,,
E1042,2024-07-07,4,5,4,1,4,No,,
E435,2025-04-18,2,4,5,2,2,No,,
E074,2025-04-07,4,2,5,4,3,No,,
E812,2024-11-03,1,3,2,2,5,No,,
E497,2024-10-12,4,5,3,5,3,No,,
E908,2024-11-23,3,1,2,3,2,No,,
E671,2024-07-05,4,4,3,5,1,No,,
E770,2024-12-26,4,1,5,2,2,No,,
E270,2024-05-07,2,3,3,2,1,No,,Ut ab fugit corrupti dolore vitae distinctio ullam doloremque deleniti quam.
E325,2025-01-18,2,1,5,4,2,Sí,Falta de reconocimiento,
E052,2025-01-20,2,2,4,1,4,No,,
E169,2025-04-15,1,3,1,1,3,No,,
E212,2024-05-23,2,4,2,2,1,No,,
E191,2024-12-07,3,2,4,2,2,No,,Optio et occaecati nam eaque non a dolorum cumque.
E297,2024-08-27,5,5,2,1,4,No,,
E1013,2024-09-04,1,3,2,4,4,No,,Suscipit iste consectetur rerum neque voluptatum illum sunt unde consequuntur exercitationem.
E919,2024-08-28,5,4,5,5,2,No,,
E655,2024-05-07,3,1,3,5,2,No,,Quas itaque nisi dignissimos sapiente unde beatae suscipit.
E291,2024-08-27,2,1,2,3,4,No,,Necessitatibus voluptas sint quis aperiam tempora dicta commodi quos officiis quia natus molestiae.
E502,2025-01-11,1,5,5,1,2,No,,Blanditiis expedita tempora dolorum temporibus aut.
E179,2024-06-01,3,4,2,3,2,No,,Corporis non commodi animi enim quod.
E927,2025-03-19,1,1,4,2,2,No,,Iusto temporibus nulla vero amet quibusdam nam distinctio aperiam.
E696,2024-12-05,2,3,3,2,5,No,,
E806,2024-12-02,4,4,1,5,5,No,,
E673,2025-04-04,2,1,4,1,5,No,,Ipsam nesciunt nam soluta consequuntur blanditiis.
E735,2024-11-17,3,5,1,1,3,No,,Eaque harum molestias ratione at eius quaerat.
E973,2024-05-07,3,4,3,1,2,No,,
E693,2025-01-04,1,5,4,4,4,Sí,,
E754,2025-01-29,1,2,5,5,5,Sí,Falta de reconocimiento,Dolor asperiores voluptas exercitationem id quasi doloribus similique at culpa.
E161,2025-01-06,5,2,3,4,1,No,,
E022,2025-01-04,1,3,2,2,3,No,,Exercitationem fugiat itaque eveniet quos tempora dolorum asperiores nulla error hic in pariatur.
E369,2024-06-12,2,5,1,1,2,No,,Animi nesciunt beatae nesciunt officiis animi explicabo ut perspiciatis placeat vitae molestiae commodi.
E473,2024-11-27,5,4,5,3,5,No,,
E626,2024-09-01,4,5,5,3,4,No,,
E750,2024-10-19,4,3,1,1,2,No,,
E004,2024-12-03,1,1,2,4,4,Sí,,Facere omnis dolores vitae nihil dolore.
E533,2024-09-08,5,5,1,5,3,No,,
E1038,2024-05-27,2,2,2,2,5,No,,
E586,2024-06-24,3,1,3,1,1,No,,
E473,2024-06-09,2,5,1,2,1,No,,Architecto molestias tempora facere eius maiores vero ipsam.
E1067,2024-09-25,3,3,1,3,2,No,,Ad deserunt qui expedita ut tenetur.
E379,2025-01-01,5,5,5,3,5,No,,
E902,2024-05-19,1,3,3,1,1,Sí,,
E530,2025-03-14,3,4,5,3,1,No,,Recusandae animi necessitatibus est consequatur optio maiores velit cupiditate.
E583,2025-02-04,1,3,2,2,5,No,,
E177,2024-05-06,1,1,2,1,2,No,,
E172,2025-04-08,1,5,2,5,3,No,,
E850,2025-02-28,2,1,2,3,1,No,,
E174,2024-12-03,5,1,4,1,3,No,,
E288,2025-01-14,4,3,3,5,4,No,,
E1100,2025-02-26,4,2,2,1,5,No,,
E005,2024-07-01,5,1,5,2,4,No,,
E1033,2024-06-14,3,2,3,5,3,No,,Eveniet reprehenderit dignissimos similique quos inventore dolorem beatae necessitatibus sint.
E1103,2024-09-17,2,1,4,1,2,Sí,,
E706,2025-03-27,3,1,1,3,5,No,,
E100,2024-12-20,3,4,4,2,1,No,,
E519,2024-11-22,4,3,4,1,5,No,,
E178,2024-08-07,5,1,2,1,5,No,,
E077,2024-05-15,5,5,5,2,1,No,,
E1051,2024-08-20,4,1,3,3,1,No,,
E681,2024-12-15,1,4,3,3,3,No,,
E453,2024-10-15,2,3,5,3,4,Sí,Pocas oportunidades de crecimiento,
E810,2024-11-25,4,2,3,4,4,No,,
E356,2024-12-13,3,4,1,2,5,No,,Fuga quia corrupti totam dolor qui.
E010,2025-01-22,4,4,4,4,3,No,,
E1167,2025-02-18,2,5,3,4,5,Sí,,
E320,2024-11-14,5,3,5,1,5,No,,
E1108,2024-08-29,3,2,1,5,4,No,,Soluta sequi debitis ad deleniti temporibus provident dolor assumenda commodi.
E438,2024-07-24,4,2,2,5,5,No,,
E649,2024-08-30,2,1,4,4,4,No,,Deserunt autem libero voluptas veritatis explicabo quam autem cum itaque recusandae impedit.
E066,2024-09-18,5,3,4,4,1,No,,
E685,2024-12-01,1,3,2,3,2,No,,Explicabo minus laboriosam aspernatur magnam dicta praesentium suscipit facere vero unde animi.
E806,2025-03-21,4,4,5,4,1,No,,
E166,2024-08-08,4,5,1,2,5,No,,
E006,2024-05-01,4,1,2,3,4,No,,
E206,2024-10-07,3,5,5,5,1,No,,
E028,2025-01-23,2,1,2,3,3,Sí,Salario bajo,Distinctio molestiae molestias ad saepe perspiciatis dolorum explicabo at aliquid temporibus similique.
E394,2025-04-01,2,4,3,4,3,No,,Mollitia unde quod impedit praesentium tempore iusto.
E695,2025-01-04,1,3,3,2,1,No,,
E981,2024-11-10,2,1,5,2,3,No,,
E568,2024-12-04,2,4,2,3,3,No,,
E423,2025-01-29,3,1,2,3,2,No,,Sequi cum ipsam eligendi dolor assumenda consequatur odit tempore sed quia eos possimus.
E962,2024-06-15,1,5,1,1,5,No,,
E833,2024-06-19,1,2,4,2,3,No,,Voluptatibus odio similique nesciunt similique id alias eaque aliquam excepturi consectetur ab.
E570,2024-09-04,5,2,4,4,3,No,,
E358,2024-09-21,2,3,5,2,2,No,,Consequuntur laboriosam explicabo beatae a architecto tempore dolorem quam maiores accusamus fuga.
E1155,2024-08-19,3,2,2,3,2,No,,Numquam corporis fugiat eligendi similique inventore eos id hic officia animi fuga nemo.
E775,2024-12-28,1,3,1,1,1,No,,
E1173,2025-01-28,1,5,1,4,2,No,,Ad ut error totam iste facere.
E260,2024-05-10,1,3,2,4,5,Sí,,
E105,2024-05-05,1,3,1,1,1,Sí,Mal ambiente laboral,
E845,2024-09-09,2,5,4,3,2,No,,
E525,2024-11-17,3,1,2,1,2,No,,Laboriosam blanditiis saepe illo quis consectetur ex magni consequuntur ut perspiciatis.
E847,2025-02-05,1,4,3,2,1,Sí,,
E963,2024-12-03,3,5,1,3,5,No,,Facere nostrum ratione sed iusto temporibus aliquid exercitationem officiis quisquam sint incidunt reiciendis.
E370,2025-02-07,2,4,5,3,4,No,,
E523,2025-04-06,4,5,1,4,5,No,,
E1144,2025-01-30,2,4,2,5,5,No,,
E510,2024-12-04,1,3,1,1,4,No,,Quibusdam amet pariatur a porro et officia ullam doloribus repellendus harum rem nulla.
E1040,2025-02-02,1,4,2,2,2,No,,Error corporis ducimus amet ipsa ipsum quibusdam reiciendis maxime voluptate.
E708,2025-04-20,4,2,3,3,5,No,,
E998,2024-06-17,2,3,3,1,3,No,,
E1136,2024-10-01,3,4,5,4,2,No,,
E893,2024-10-20,4,3,1,4,5,No,,
E409,2024-12-23,5,2,1,1,4,No,,
E592,2024-11-20,5,3,4,1,2,No,,
E135,2024-10-08,2,2,4,4,2,No,,Fugiat temporibus incidunt cupiditate velit neque est reprehenderit earum in unde doloremque.
E313,2024-05-22,2,4,3,4,5,No,,
E472,2025-04-18,3,3,3,4,4,No,,
E897,2024-08-06,2,2,4,2,1,No,,
E602,2024-06-05,5,1,2,4,2,No,,
E008,2025-03-14,2,4,2,3,2,Sí,,Voluptates provident accusantium sed animi omnis reprehenderit dicta repellat.
E775,2025-01-21,4,3,1,4,1,No,,
E217,2024-11-24,2,2,3,2,3,No,,Laudantium animi porro quia voluptas dolor error labore quibusdam.
E864,2024-12-07,5,4,2,3,5,No,,
E870,2024-10-30,1,3,5,5,3,Sí,,
E007,2024-08-24,2,5,1,3,3,Sí,,Nesciunt deserunt unde qui unde tenetur quos non eum labore repudiandae.
E012,2025-01-27,4,2,5,1,1,No,,
E221,2025-02-21,1,3,5,5,4,No,,
E579,2024-06-17,5,3,3,2,3,No,,
E231,2024-06-28,5,1,1,1,5,No,,
E195,2024-06-15,5,4,5,3,1,No,,
E1008,2025-03-13,1,1,4,1,3,No,,
E723,2024-09-06,1,5,1,1,4,No,,
E046,2024-07-28,2,4,2,2,2,No,,
E236,2025-01-14,3,5,2,2,2,No,,Eligendi esse modi est doloremque minus eaque.
E965,2025-03-03,3,3,5,2,4,No,,Numquam nemo beatae ut cupiditate ipsam.
E075,2024-05-16,4,1,1,2,4,No,,
E197,2025-03-27,2,1,5,3,4,No,,Vel culpa totam qui et sapiente cumque minus similique saepe.
E826,2024-05-04,1,3,2,4,3,No,,Cum perspiciatis deleniti dolor quisquam dignissimos porro dicta ratione iure a.
E1172,2024-10-29,5,1,3,1,2,No,,
E1073,2025-03-15,1,5,4,1,5,No,,
E510,2025-04-14,2,4,5,3,4,No,,Provident esse ex neque beatae libero libero in.
E814,2024-11-21,2,1,2,4,2,No,,Dolores odit corrupti totam dignissimos perferendis id dolores aliquam molestias consectetur quisquam quibusdam.
E312,2024-08-27,3,3,5,4,3,No,,Error eaque dolorem suscipit eos unde odit soluta nemo dolor pariatur facere incidunt.
E098,2024-08-31,4,3,3,4,3,No,,
E866,2024-06-06,2,1,2,4,2,No,,
E1151,2024-07-03,5,4,4,1,1,No,,
E762,2024-06-19,4,4,2,5,5,No,,
E358,2024-06-17,5,4,5,1,5,No,,
E1082,2025-01-06,3,1,4,3,5,No,,
E097,2025-03-23,1,4,1,2,2,No,,
E391,2024-05-04,4,3,2,2,3,No,,
E867,2024-07-24,1,2,3,1,5,Sí,Problemas con el supervisor,Error quam ratione placeat facilis veritatis accusamus eius atque consequuntur placeat id.
E960,2024-07-06,2,1,4,5,5,No,,
E1168,2024-07-05,3,5,3,2,2,No,,Molestiae ut similique eius fugit dolore recusandae fugiat voluptate molestiae non delectus.
E712,2024-06-12,5,2,4,1,1,No,,
E230,2024-10-20,2,1,3,4,1,No,,Odio quia eum commodi reiciendis modi saepe culpa eius exercitationem.
E079,2024-11-06,5,4,3,3,5,No,,
E433,2024-06-23,5,5,1,5,5,No,,
E606,2024-10-13,2,5,2,5,5,No,,
E870,2024-12-21,3,4,4,1,4,No,,Laudantium nulla ad explicabo optio nemo.
E867,2024-09-12,1,2,5,2,1,No,,Cupiditate suscipit ab error nulla repellat ipsam voluptas nihil minima esse.
E1161,2024-10-02,2,5,4,1,5,Sí,Pocas oportunidades de crecimiento,Quia in consequatur quam eius fugit eveniet.
E446,2024-05-09,2,2,5,2,2,No,,
E123,2024-11-20,1,2,5,2,1,No,,Totam recusandae suscipit omnis voluptatum iure deserunt harum praesentium perferendis possimus quasi.
E622,2025-03-28,3,1,4,3,2,No,,
E207,2025-04-12,4,3,2,4,4,No,,
E1004,2025-02-06,5,5,2,5,4,No,,
E926,2025-03-08,2,2,5,4,2,Sí,,
E1035,2024-10-20,5,5,2,2,2,No,,
E603,2025-01-23,4,1,3,1,3,No,,
E116,2025-02-27,4,3,3,3,4,No,,
E213,2024-06-09,3,3,3,3,5,No,,
E345,2024-05-29,1,4,3,3,2,No,,Mollitia iste tempore nam nulla quasi quo temporibus.
E982,2024-08-27,2,1,1,5,5,No,,Provident eveniet culpa voluptate rerum rerum quos.
E236,2025-04-01,3,1,1,3,1,No,,
E1101,2025-03-22,1,1,4,2,4,No,,Corrupti neque quidem nisi vel voluptatem deserunt quidem delectus laudantium magni.
E689,2024-06-04,2,5,4,4,4,No,,
E268,2025-01-03,2,2,1,2,2,Sí,Problemas con el supervisor,
E084,2025-02-17,2,1,3,3,4,No,,Nesciunt commodi odit odit praesentium corporis.
E609,2024-07-14,4,1,4,2,2,No,,
E927,2024-08-19,2,4,1,2,4,No,,
E176,2024-06-18,1,1,1,2,3,No,,
E1085,2024-11-10,1,2,3,5,2,No,,
E100,2024-07-31,5,2,2,5,5,No,,
E885,2024-07-17,2,2,5,2,5,No,,
E571,2025-02-26,1,3,5,3,2,No,,Magni libero consectetur dolorem laborum omnis quia deleniti.
E482,2024-12-26,3,1,4,2,2,No,,
E231,2024-11-22,3,1,4,5,4,No,,
E771,2024-05-15,1,2,2,3,3,No,,Cum aspernatur itaque recusandae sunt iusto.
E1163,2025-03-18,3,2,2,1,2,No,,
E814,2024-07-15,1,1,2,1,3,No,,Excepturi sequi totam natus rem nobis minus quaerat excepturi ea ex ut ut.
E1159,2025-02-18,5,2,2,3,3,No,,
E454,2024-12-07,5,3,3,4,5,No,,
E630,2025-02-01,3,3,5,5,1,No,,
E447,2024-09-13,2,1,5,1,5,No,,Magni quis ullam in qui animi.
E070,2025-03-22,4,5,1,4,1,No,,
E566,2024-07-18,5,3,1,3,4,No,,
E562,2024-12-01,2,5,4,4,4,No,,
E1149,2024-09-12,4,2,1,5,3,No,,
E738,2025-02-18,1,1,3,2,1,No,,Occaecati deserunt quidem nostrum mollitia enim.
E888,2024-12-04,1,2,5,4,3,No,,Veniam fuga eveniet perferendis hic facere culpa.
E1097,2024-11-11,2,3,2,3,3,No,,Deserunt ullam quasi maxime perspiciatis optio quibusdam nobis.
E569,2024-05-18,4,2,5,3,5,No,,
E917,2024-12-28,1,3,3,2,2,No,,Dolorum iusto suscipit ea laborum ab aliquam maxime expedita exercitationem voluptatem.
E401,2024-07-08,2,4,5,2,5,Sí,Problemas con el supervisor,
E1136,2025-02-14,4,5,4,1,1,No,,
E558,2025-02-06,5,2,2,2,2,No,,
E804,2024-11-03,4,1,1,3,2,No,,
E119,2024-11-17,1,4,1,4,5,Sí,Pocas oportunidades de crecimiento,Commodi necessitatibus debitis odio rem quae aut nesciunt fugit voluptate.
E763,2024-09-03,1,4,2,2,3,No,,
E233,2024-10-24,5,4,4,1,4,No,,
E789,2024-12-19,4,3,1,5,5,No,,
E307,2024-07-14,2,4,3,2,2,Sí,,
E363,2025-01-27,4,2,4,1,5,No,,
E686,2024-05-19,4,2,3,1,4,No,,
E311,2024-08-28,1,2,3,1,1,No,,Minima in officia dolores delectus velit velit ad.
E954,2025-03-21,5,2,1,1,2,No,,
E168,2025-04-11,5,1,3,4,2,No,,
E899,2024-11-05,1,3,4,2,4,No,,Illo saepe laboriosam vero nemo ex nemo reprehenderit incidunt fuga.
E963,2025-01-13,1,3,2,4,1,Sí,Falta de reconocimiento,Neque quae fuga deserunt nemo incidunt praesentium quis odio necessitatibus explicabo et.
E467,2024-08-07,2,3,4,2,2,No,,Et in vel nesciunt voluptas doloribus.
E377,2024-08-11,4,3,1,5,3,No,,
E189,2025-01-04,5,3,4,5,2,No,,
E841,2024-08-27,2,2,5,4,2,Sí,,
E488,2024-09-17,3,3,3,3,1,No,,Nisi et fuga vel impedit consequuntur officiis repudiandae aliquid numquam cum.
E822,2025-01-01,3,3,3,5,1,No,,
E149,2024-09-01,1,4,4,1,2,Sí,Pocas oportunidades de crecimiento,
E1173,2024-11-03,2,2,1,5,1,No,,
E061,2024-12-04,5,2,5,2,4,No,,
E724,2024-11-17,5,2,5,4,4,No,,
E230,2025-03-21,5,5,1,3,5,No,,
E149,2024-10-20,5,2,3,2,3,No,,
E385,2024-05-10,3,1,4,4,4,No,,Nostrum illum asperiores unde corrupti corrupti soluta tenetur eos.
E840,2024-09-03,3,4,4,5,1,No,,
E300,2024-06-16,5,4,2,1,3,No,,
E1136,2024-05-22,1,2,4,3,3,No,,Numquam officia totam debitis molestias officia ab.
E991,2024-12-24,4,2,2,1,1,No,,
E1104,2024-08-16,2,1,1,4,1,No,,Voluptates rerum quaerat aliquid consequatur accusamus inventore.
E294,2024-06-03,2,4,5,2,5,Sí,,
E205,2025-04-03,4,5,1,1,4,No,,
E549,2024-09-19,2,4,3,4,1,No,,
E347,2024-09-15,3,1,5,1,5,No,,Natus optio autem est aliquam reiciendis nihil sit necessitatibus.
E347,2024-07-06,4,3,2,3,5,No,,
E745,2025-02-21,5,3,3,3,3,No,,
E1149,2024-06-21,2,5,3,3,2,No,,Aliquid temporibus reprehenderit ducimus autem omnis.
E132,2024-10-18,2,2,2,4,1,No,,Repellat nesciunt ipsum alias aliquam voluptatem explicabo eligendi eaque.
E695,2024-10-24,1,2,1,2,4,No,,
E484,2024-05-29,1,1,4,2,1,No,,Consequuntur voluptates in cupiditate unde alias sunt tenetur hic.
E999,2025-04-01,1,5,5,3,4,No,,
E974,2024-05-14,5,3,2,2,4,No,,
E556,2025-02-23,3,2,3,3,2,No,,
E869,2024-10-22,1,3,2,1,3,No,,Harum maiores est vel ab sequi adipisci earum autem iusto alias.
E1044,2025-01-14,1,4,2,5,5,No,,
E1152,2025-02-09,1,4,5,2,1,No,,
E1082,2025-02-13,2,5,1,3,5,No,,Id officia alias laborum vel ratione vitae.
E206,2024-08-29,1,4,4,4,1,Sí,,Minima nisi sapiente numquam delectus natus ducimus.
E190,2025-02-04,3,1,4,2,4,No,,
E163,2024-06-10,3,2,2,5,4,No,,
E577,2024-11-11,1,4,5,1,2,No,,
E150,2025-01-09,2,4,3,4,3,No,,
E414,2024-05-01,4,5,4,1,1,No,,
E1072,2025-03-01,4,5,2,3,5,No,,
E1012,2025-01-20,5,5,2,1,2,No,,
E592,2024-11-13,3,4,2,5,3,No,,
E832,2024-09-10,5,5,4,5,3,No,,
E1105,2025-02-17,3,1,3,1,4,No,,
E737,2024-11-19,2,1,5,5,3,No,,
E603,2024-11-15,4,2,1,1,1,No,,
E277,2024-12-07,5,4,4,4,5,No,,
E556,2025-03-12,2,4,2,3,1,No,,
E1184,2024-06-20,2,2,1,3,4,Sí,,
E1145,2024-09-18,3,5,2,5,3,No,,Laudantium dolorem optio odit perspiciatis omnis officia.
E742,2024-12-02,3,1,4,2,5,No,,
E794,2024-06-29,4,5,4,4,1,No,,
E109,2025-03-01,4,5,4,4,2,No,,
E330,2024-08-24,2,4,4,1,5,No,,
E309,2025-03-24,5,4,4,3,1,No,,
E137,2024-08-21,5,1,4,1,1,No,,
E187,2024-07-13,3,2,1,2,1,No,,
E255,2024-05-03,1,1,1,1,1,Sí,Problemas con el supervisor,Harum id nemo distinctio rem id ea quasi dolore temporibus.
E426,2025-02-18,3,2,5,2,1,No,,
E752,2025-01-16,4,4,4,1,4,No,,
E589,2024-10-18,2,2,3,2,3,No,,
E1000,2024-11-29,3,5,1,5,1,No,,
E645,2024-05-27,1,3,3,1,5,No,,
E567,2025-02-02,3,5,2,1,3,No,,Rem quos consequuntur modi suscipit architecto quos accusantium perferendis quam voluptas facere.
E1077,2025-02-12,5,3,4,1,5,No,,
E137,2024-06-03,5,3,1,1,3,No,,
E203,2024-06-05,3,1,5,2,3,No,,Minus neque laborum quis quisquam qui.
E1041,2024-06-18,3,1,1,4,2,No,,
E1109,2025-03-20,4,4,4,4,5,No,,
E292,2024-04-30,4,3,1,4,1,No,,
E462,2024-09-23,3,4,5,3,3,No,,Quos culpa assumenda saepe provident libero tempore impedit labore assumenda.
E268,2024-09-27,4,1,2,3,1,No,,
E510,2024-06-13,1,1,2,2,2,No,,
E779,2024-04-23,1,2,5,4,4,No,,
E020,2024-06-06,1,4,3,3,4,No,,Rem rerum nemo eaque deleniti sapiente et explicabo minima iure quasi.
E179,2025-04-07,5,3,2,3,5,No,,
E773,2024-09-07,2,2,4,2,4,Sí,Mal ambiente laboral,
E1199,2024-08-23,2,1,5,2,1,No,,
E107,2024-10-07,3,4,5,3,5,No,,
E830,2024-08-22,4,4,2,1,1,No,,
E978,2024-05-20,3,3,3,5,3,No,,
E1044,2024-06-05,2,2,2,2,3,No,,
E711,2025-03-13,1,2,5,1,1,No,,Tempora modi iusto aspernatur quo cumque.
E570,2024-08-08,3,2,5,5,2,No,,Ullam deleniti voluptas praesentium nisi amet ea error suscipit soluta similique ipsa.
E816,2024-10-18,3,1,4,2,1,No,,Illum aspernatur tempora quia consectetur eius vero sit.
E579,2024-12-22,2,4,1,2,4,No,,Esse nulla incidunt odit dolorum itaque quae.
E828,2025-02-17,5,3,2,5,5,No,,
E122,2024-12-17,3,2,4,3,2,No,,
E168,2024-08-02,1,3,2,4,4,No,,Consectetur quidem nostrum voluptatum pariatur voluptate.
E953,2024-12-29,5,5,5,3,1,No,,
E1012,2025-03-28,2,5,3,5,1,No,,Atque similique sunt facilis consequuntur quod quaerat.
E123,2025-02-14,1,4,4,1,5,No,,Architecto ut accusamus labore veritatis quis quidem repudiandae.
E799,2025-02-13,3,3,5,2,5,No,,Beatae quo temporibus vero omnis tempora.
E1020,2024-11-14,2,1,2,5,3,No,,Perferendis eum tempore tempore excepturi temporibus aperiam dolorem numquam soluta dolorum qui alias.
E843,2024-06-22,2,3,5,3,3,No,,Minima blanditiis eaque omnis incidunt recusandae cum sapiente debitis.
E866,2024-11-03,1,1,4,3,3,Sí,,
E870,2025-01-30,2,3,5,5,3,No,,
E1194,2025-01-31,2,1,4,3,2,No,,Eveniet ipsam nemo alias officiis incidunt aliquam dignissimos.
E459,2024-11-19,2,2,3,2,1,No,,
E571,2025-04-17,1,4,3,2,3,Sí,,Soluta ullam nisi quibusdam quis sunt.
E384,2025-04-21,3,3,1,3,4,No,,Sunt sint magni suscipit debitis sapiente perferendis explicabo.
E481,2025-02-05,5,1,5,2,2,No,,
E620,2025-02-23,4,3,1,3,1,No,,
E674,2024-12-25,1,2,4,5,3,No,,
E850,2024-12-21,3,1,1,1,3,No,,
E469,2024-07-10,2,4,1,4,1,No,,
E637,2024-08-14,2,1,5,3,4,Sí,Pocas oportunidades de crecimiento,
E952,2024-11-13,5,2,3,2,2,No,,
E394,2024-10-14,3,2,2,2,1,No,,Perspiciatis maxime eius voluptas totam nobis reiciendis quidem labore aspernatur ad.
E011,2025-04-01,4,3,5,5,5,No,,
E038,2024-08-04,3,5,3,4,5,No,,Facere ratione excepturi laboriosam repellendus quas explicabo labore deserunt.
E409,2024-11-19,2,4,1,3,3,No,,
E171,2024-07-18,4,3,5,3,5,No,,
E526,2025-03-16,4,1,5,5,3,No,,
E140,2025-03-16,1,3,3,3,5,No,,Libero excepturi beatae maxime necessitatibus quae voluptas eius eos nemo.
E027,2025-03-08,1,5,1,4,4,No,,Ullam nostrum enim asperiores tempora possimus tenetur nisi.
E815,2025-04-01,3,4,3,3,1,No,,Aspernatur inventore quae odio minima perspiciatis.
E338,2025-01-30,3,3,4,3,3,No,,Itaque qui deserunt minus quam porro esse ad sint fugiat sapiente esse illo.
E784,2025-01-20,1,2,2,1,4,No,,Sint dolores quia tempore veritatis quibusdam aliquid eaque voluptatibus excepturi reiciendis.
E365,2024-12-20,5,1,5,5,3,No,,
E813,2025-03-20,4,5,4,1,5,No,,
E371,2024-08-01,5,2,1,1,5,No,,
E194,2024-05-25,2,5,4,3,5,No,,Nobis aspernatur nisi nobis debitis nam dolore veniam alias labore voluptatibus cum itaque.
E266,2024-08-25,5,3,3,3,3,No,,
E018,2024-05-04,1,5,2,1,2,No,,
E349,2025-01-19,5,2,4,4,5,No,,
E418,2025-02-03,1,2,1,5,4,No,,
E014,2024-11-07,2,5,5,1,5,Sí,Mal ambiente laboral,Dolores adipisci doloremque nam inventore ipsum animi.
E140,2025-04-19,4,2,1,3,2,No,,
E195,2024-06-23,4,4,2,2,4,No,,
E995,2024-09-09,5,3,2,3,3,No,,
E216,2025-01-05,5,2,4,3,1,No,,
E1177,2025-03-31,2,2,1,5,4,No,,Error vero tenetur in nobis eveniet consequatur.
E860,2024-06-14,1,5,2,2,4,No,,
E911,2024-04-25,5,5,4,2,2,No,,
E124,2024-11-30,4,4,5,2,1,No,,
E1105,2025-04-19,5,4,1,5,4,No,,
E394,2024-05-05,4,1,1,5,3,No,,
E207,2024-11-03,1,4,5,1,3,No,,
E1106,2024-05-15,2,5,4,5,2,No,,Veniam voluptates esse accusantium sit possimus delectus necessitatibus expedita optio eaque quasi quisquam.
E165,2025-04-08,5,5,1,5,1,No,,
E727,2025-03-27,1,5,3,4,2,No,,
E147,2025-03-03,5,2,4,1,3,No,,
E932,2025-03-11,1,3,4,2,4,No,,
E165,2024-11-06,1,5,2,5,5,No,,Veritatis quas impedit ad deleniti veniam dolor cumque fuga voluptatem incidunt quae eligendi.
E1059,2024-07-05,3,3,4,1,5,No,,
E548,2024-10-04,4,1,2,1,3,No,,
E073,2025-04-22,5,4,2,3,5,No,,
E561,2024-11-01,2,1,5,4,1,No,,Similique similique dolorum quibusdam atque dolorem quasi repellat tempore distinctio.
E552,2024-06-24,4,2,3,1,3,No,,
E664,2024-06-05,2,4,5,2,4,No,,
E616,2024-06-24,2,4,3,3,3,Sí,,Ad voluptates sint molestiae perferendis minus explicabo asperiores sapiente molestiae.
E994,2025-03-16,2,3,2,3,4,No,,Quisquam voluptates ad cupiditate sunt tenetur aliquid illum.
E937,2025-03-03,2,2,1,4,5,No,,Molestias dicta minima omnis vero dicta hic saepe sequi.
E058,2025-02-17,4,2,5,4,2,No,,
E558,2024-07-18,4,2,3,5,4,No,,
E436,2025-02-27,1,1,1,2,1,Sí,,Architecto labore dolorem quasi ea totam magni.
E473,2024-11-20,2,3,5,3,5,No,,Nihil deleniti nam sed vel aliquid.
E049,2024-08-04,1,3,5,4,3,No,,
E090,2024-05-29,2,4,2,4,5,No,,Perferendis commodi maiores saepe distinctio dignissimos.
E361,2025-04-08,3,5,5,1,3,No,,Animi quis quas et saepe corrupti nemo ipsa pariatur harum quo.
E142,2024-10-18,4,5,1,4,3,No,,
E962,2024-05-23,1,5,1,5,5,Sí,Salario bajo,In eum veniam ad quo hic sapiente pariatur.
E588,2024-07-15,3,1,4,5,4,No,,
E459,2024-07-03,4,3,3,3,3,No,,
E351,2024-07-16,4,5,1,4,2,No,,
E907,2024-05-01,5,1,1,5,4,No,,
E563,2025-02-03,3,4,3,3,4,No,,
E303,2024-10-18,2,5,2,3,5,No,,
E594,2024-07-31,2,1,3,2,4,No,,Fugit voluptates quos cum vero voluptas possimus laborum atque quis reiciendis.
E1077,2025-01-04,2,3,1,2,5,No,,Ipsam ea cupiditate aliquam omnis quas alias blanditiis debitis tempore.
E907,2024-11-08,2,1,4,1,4,No,,Officiis incidunt necessitatibus officiis id commodi.
E497,2024-04-30,4,3,1,1,1,No,,
E134,2025-01-28,1,1,1,5,3,No,,
E853,2024-11-17,1,4,1,3,5,No,,Voluptates rerum unde quae maiores voluptatem quos perspiciatis sint animi.
E811,2024-09-19,1,5,5,1,4,No,,
E191,2024-12-07,1,3,4,1,5,No,,Quod repellat deleniti autem exercitationem voluptate alias aspernatur fugiat deserunt minus quis.
E881,2024-08-26,1,5,1,5,5,Sí,Mal ambiente laboral,Libero doloribus magni expedita non enim animi reiciendis at illo autem officiis eveniet.
E634,2025-04-12,5,5,1,1,5,No,,
E805,2025-03-17,1,4,1,3,1,Sí,,
E1049,2025-03-20,5,2,5,2,1,No,,
E655,2024-05-20,4,5,3,4,4,No,,
E278,2025-01-24,2,1,1,1,2,No,,
E917,2025-01-19,1,4,5,2,1,Sí,Problemas con el supervisor,
E1078,2024-05-19,1,2,4,2,1,No,,
E1110,2024-10-04,3,1,1,4,4,No,,
E710,2025-02-07,4,3,5,2,1,No,,
E253,2024-10-22,3,1,4,5,5,No,,Provident commodi id doloribus nesciunt adipisci officia ex molestiae.
E720,2025-03-10,5,4,5,2,3,No,,
E903,2024-09-15,3,3,4,1,3,No,,Optio iste aperiam hic accusamus veritatis aperiam.
E1042,2024-06-21,4,1,2,3,2,No,,
E582,2024-09-12,4,1,4,3,1,No,,
E437,2025-02-27,3,1,2,4,3,No,,Nisi aut eius quis aspernatur eveniet ipsa.
E867,2024-11-01,3,3,1,1,5,No,,Tenetur non cupiditate beatae possimus praesentium assumenda exercitationem sit facere cupiditate.
E1112,2024-06-04,2,5,3,2,4,No,,
E1027,2024-08-31,5,3,3,1,2,No,,
E332,2024-07-17,4,5,3,2,4,No,,
E445,2024-11-06,3,3,5,2,2,No,,Optio alias ex blanditiis quo illum.
E322,2024-09-14,3,2,3,2,5,No,,Rerum consequatur exercitationem rem unde vel possimus beatae magni eos alias quod.
E348,2025-03-11,5,5,3,1,3,No,,
E763,2025-01-21,1,4,4,4,5,No,,
E1183,2024-10-29,1,1,5,1,4,No,,Voluptatibus amet eos minus voluptatibus ipsam ad.
E166,2025-01-18,2,1,5,3,1,No,,
E850,2025-02-04,3,4,5,5,3,No,,
E1050,2025-03-31,3,4,5,1,4,No,,
E275,2024-06-12,2,1,2,3,2,No,,
E600,2024-09-02,1,4,5,1,3,No,,
E1121,2024-10-08,4,5,5,5,2,No,,
E383,2024-06-28,4,3,3,2,5,No,,
E564,2024-10-17,3,4,1,2,4,No,,
E896,2025-04-11,1,3,1,3,4,No,,Error commodi eum odit explicabo vitae deserunt.
E710,2024-08-13,3,3,1,5,2,No,,Maxime tenetur fugiat officiis voluptate dolores ea ex quas facilis deleniti quidem.
E1149,2024-06-14,3,2,1,1,5,No,,
E937,2024-05-31,3,2,5,1,5,No,,
E058,2024-11-15,1,3,2,1,3,Sí,,Necessitatibus odio corporis cum consectetur enim ea.
E392,2025-02-18,2,5,1,5,5,Sí,,
E946,2024-10-16,2,1,4,2,4,No,,Laudantium beatae harum alias minima rem placeat.
E961,2024-08-05,5,4,3,3,3,No,,
E173,2024-05-24,1,4,1,1,3,Sí,,
E313,2024-08-26,5,2,1,5,5,No,,
E335,2024-10-16,4,1,5,5,3,No,,
E695,2024-06-24,1,4,2,1,2,No,,Et earum unde molestias a voluptatibus nihil maiores totam dicta veniam.
E610,2025-03-13,1,3,1,1,1,No,,Facere voluptate saepe praesentium aspernatur vitae dolore ut dolorum fugit similique necessitatibus.
E016,2024-12-27,5,5,1,5,5,No,,
E417,2025-01-31,4,5,4,5,3,No,,
E473,2024-12-30,3,2,5,4,4,No,,Non explicabo incidunt unde quos et voluptate ea veritatis fugiat.
E264,2024-10-23,3,5,5,2,3,No,,Magnam voluptas assumenda quisquam eius necessitatibus fuga nam voluptatem laboriosam enim.
E1107,2024-06-09,5,5,5,1,2,No,,
E741,2024-08-29,5,1,3,4,5,No,,
E261,2025-04-07,1,5,1,2,1,No,,Porro in nam nam magni similique veritatis similique perferendis tenetur praesentium unde tenetur.
E479,2024-07-15,5,2,5,1,1,No,,
E628,2025-03-22,4,5,3,1,3,No,,
E663,2025-03-04,5,2,5,5,2,No,,
E905,2025-02-10,3,4,2,5,5,No,,
E914,2025-04-10,4,2,2,5,5,No,,
E528,2024-10-28,3,3,3,3,4,No,,
E1079,2024-05-10,1,4,4,1,3,No,,
E181,2024-12-14,5,5,1,4,3,No,,
E333,2024-09-04,2,5,3,5,2,No,,Debitis quisquam temporibus minus alias commodi porro enim occaecati exercitationem esse reprehenderit fugit.
E695,2024-05-26,2,2,4,1,3,No,,Beatae minima labore culpa quidem tempora.
E1198,2024-08-04,4,2,3,2,5,No,,
E1125,2025-03-21,3,5,3,2,5,No,,
E672,2024-11-18,3,5,1,4,2,No,,
E875,2024-06-27,5,1,3,5,3,No,,
E585,2024-04-24,4,1,4,1,2,No,,
E218,2024-11-02,3,1,3,2,2,No,,Sit enim dolor laudantium aperiam dolores ut.
E865,2024-08-10,2,3,5,5,3,No,,Ab totam omnis quidem voluptates eveniet ipsa culpa aliquid dolore sunt ullam.
E055,2024-09-02,2,1,3,5,2,No,,
E1070,2024-11-05,3,2,4,3,2,No,,Aut tenetur eum facere nostrum consequuntur facere possimus consectetur maiores.
E014,2024-08-19,1,5,1,1,4,No,,Aliquam necessitatibus ex sed minima distinctio quidem repellendus.
E218,2024-06-15,2,1,3,5,4,No,,Consequatur facere ea maiores maiores sequi dicta vel.
E959,2024-05-20,3,4,5,4,2,No,,Cupiditate ducimus fugiat recusandae ullam rem culpa omnis ducimus labore quas.
E889,2024-11-24,5,2,4,1,2,No,,
E060,2025-01-25,2,4,1,5,5,Sí,,
E1000,2024-10-09,2,3,1,3,5,No,,
E086,2025-04-09,1,2,4,5,4,No,,
E385,2024-12-26,3,3,3,2,2,No,,
E970,2024-07-30,4,4,4,5,2,No,,
E420,2024-11-27,1,3,1,2,5,No,,Incidunt error occaecati nisi ipsa unde maxime.
E192,2024-07-27,2,2,4,5,2,No,,Repudiandae at laborum distinctio similique delectus nulla veritatis fugit explicabo.
E385,2024-08-29,2,4,3,1,1,Sí,,
E857,2024-10-12,2,4,1,5,3,No,,
E1146,2024-11-27,1,2,4,5,4,No,,Rem sapiente minus tenetur corporis dolorum labore impedit accusamus illo suscipit sequi.
E467,2024-12-15,2,5,2,2,3,No,,Eveniet illum error odit tenetur temporibus numquam mollitia.
E859,2025-01-17,3,5,1,3,4,No,,
E259,2024-07-19,1,3,2,4,2,No,,
E454,2024-12-26,3,2,3,2,1,No,,Sequi praesentium quasi adipisci neque doloribus sunt.
E259,2025-03-01,4,4,3,2,1,No,,
E024,2024-12-10,1,3,4,3,2,No,,
E864,2024-08-22,2,5,2,1,2,No,,Aspernatur distinctio vel ea quae mollitia repudiandae mollitia soluta ea reiciendis nemo.
E028,2024-09-26,4,3,1,5,3,No,,
E545,2024-11-27,1,4,2,4,4,Sí,Salario bajo,
E439,2024-05-10,2,1,2,3,2,No,,Vel quae unde nisi explicabo itaque expedita aut quis sunt labore repellendus.
E1144,2024-05-09,5,1,4,3,5,No,,
E550,2024-06-10,1,2,1,3,2,Sí,Salario bajo,Nemo beatae esse ducimus nulla corporis neque ipsam.
E354,2025-01-04,5,3,3,1,3,No,,
E248,2025-01-30,4,3,3,5,1,No,,
E523,2024-06-05,4,1,3,3,4,No,,
E819,2024-05-21,5,2,3,2,3,No,,
E284,2025-04-14,3,3,3,4,1,No,,
E280,2024-05-07,1,2,2,2,5,No,,Magni dicta quia quis impedit natus magni nulla nobis.
E522,2024-12-11,2,2,5,4,2,No,,Eveniet omnis sapiente facere aut earum nobis iste at sapiente deserunt.
E1172,2025-01-03,5,4,4,2,2,No,,
E666,2024-08-17,2,1,5,3,2,No,,Doloremque qui libero accusantium optio incidunt sunt eligendi suscipit animi enim est.
E931,2025-04-11,5,3,1,2,5,No,,
E424,2024-09-18,5,4,3,2,3,No,,
E266,2025-03-04,1,3,3,5,2,No,,
E554,2024-04-24,4,1,4,1,2,No,,
E816,2025-02-23,5,4,3,2,1,No,,
E359,2024-04-29,1,5,3,4,3,No,,
E1009,2024-10-25,4,3,1,2,3,No,,
E353,2025-04-09,1,1,3,4,5,No,,
E1168,2024-07-01,4,5,5,5,5,No,,
E470,2024-11-13,5,2,4,5,4,No,,
E824,2024-11-27,2,4,3,1,2,No,,
E668,2025-03-23,4,3,4,1,1,No,,
E016,2024-10-03,5,4,3,3,3,No,,
E834,2024-10-07,3,3,4,5,5,No,,
E183,2024-10-19,1,5,2,2,4,No,,
E178,2025-03-06,3,4,4,1,1,No,,Accusantium minima deserunt voluptas accusantium qui non.
E355,2024-08-11,5,1,5,1,1,No,,
E728,2024-06-01,3,5,4,5,1,No,,
E1160,2024-09-24,3,3,2,2,1,No,,Amet odit magni temporibus consectetur occaecati.
E103,2025-01-18,5,3,1,3,1,No,,
E728,2024-07-31,4,3,3,4,4,No,,
E731,2025-01-16,1,4,2,3,2,No,,Et esse nobis tempora animi esse.
E453,2024-07-04,3,1,4,3,3,No,,
E1084,2024-12-18,3,5,2,2,5,No,,Perspiciatis illo ducimus debitis voluptates voluptates tempora.
E354,2024-11-04,1,5,1,3,3,No,,Ad doloribus quos blanditiis nobis minus neque amet rerum.
E348,2025-01-30,5,5,4,5,3,No,,
E414,2025-03-31,3,5,4,3,2,No,,
E927,2024-05-05,3,2,2,2,4,No,,Reprehenderit autem esse maxime molestias assumenda.
E1136,2024-11-09,3,3,2,2,4,No,,
E037,2024-11-05,1,3,3,5,1,No,,Dolorem tempora quis quos illo harum in tenetur magni totam.
E600,2024-08-27,5,5,5,1,1,No,,
E502,2024-05-12,5,4,4,3,4,No,,
E670,2024-11-01,5,3,1,1,5,No,,
E1047,2024-08-08,2,1,4,4,4,No,,Laborum porro quaerat molestias nobis in impedit.
E381,2024-08-21,2,1,5,3,3,Sí,Salario bajo,Deleniti qui cumque dolor quisquam vel cum excepturi.
E102,2025-03-19,2,5,1,1,4,No,,
E779,2024-07-06,4,2,4,3,3,No,,
E646,2024-07-06,1,1,5,2,3,Sí,Pocas oportunidades de crecimiento,Quas incidunt excepturi facere provident sapiente eum natus quis natus neque consectetur debitis.
E480,2024-11-22,1,3,3,3,1,Sí,Pocas oportunidades de crecimiento,Quidem corporis doloremque exercitationem error mollitia velit porro facere adipisci.
E782,2025-03-18,4,3,4,5,3,No,,
E615,2025-03-09,1,1,4,3,1,No,,Veritatis quas perspiciatis illum nisi doloribus saepe adipisci dolor esse necessitatibus sed quam.
E1110,2024-05-27,5,1,1,1,5,No,,
E497,2025-02-19,1,1,5,1,3,Sí,,Ratione voluptatem quasi ad modi dicta maxime ratione iste.
E387,2024-06-21,3,3,1,4,1,No,,
E290,2024-05-09,4,1,1,4,1,No,,
E621,2024-09-24,2,5,3,1,3,No,,Delectus expedita voluptate dolorem iste quibusdam ipsa.
E761,2025-01-27,3,3,2,4,1,No,,
E847,2025-03-15,5,4,3,5,4,No,,
E941,2024-06-12,4,2,2,4,5,No,,
E088,2025-02-05,1,5,2,2,5,Sí,Pocas oportunidades de crecimiento,Repellendus voluptate est ipsam quisquam animi blanditiis minus numquam repellat eum possimus saepe.
E996,2024-11-08,1,5,3,2,2,No,,
E1155,2025-03-17,1,4,2,3,2,No,,Maiores facilis corporis quas distinctio commodi non.
E265,2024-09-12,2,4,3,2,2,No,,Voluptatum iure dolorum deserunt perspiciatis maiores.
E877,2025-04-16,4,4,2,3,4,No,,
E599,2025-02-18,4,1,3,1,2,No,,
E540,2024-05-26,2,4,1,4,4,Sí,Salario bajo,Non eius voluptatibus reiciendis explicabo odit blanditiis cumque.
E1159,2024-07-18,1,1,2,5,5,Sí,Pocas oportunidades de crecimiento,
E013,2025-03-08,1,3,5,4,4,No,,
E836,2024-12-25,2,3,4,3,3,Sí,,Ipsam provident nihil harum facere quibusdam distinctio.
E334,2024-04-22,5,5,5,3,2,No,,
E379,2025-03-16,4,4,1,1,3,No,,
E440,2025-02-04,5,2,3,2,3,No,,
E140,2024-05-13,4,1,3,3,3,No,,
E846,2024-10-26,2,1,1,5,2,No,,Odio labore itaque minima voluptates nihil.
E184,2024-12-12,5,1,3,1,3,No,,
E149,2024-06-27,4,3,5,2,4,No,,
E717,2025-03-09,1,5,3,3,3,No,,
E610,2024-10-12,4,1,4,2,2,No,,
E248,2024-12-19,2,4,3,1,1,Sí,Salario bajo,Laborum officiis veritatis hic dolor tempore placeat.
E456,2024-06-01,4,2,1,2,4,No,,
E188,2025-02-15,1,5,5,2,5,No,,
E700,2024-11-10,4,2,1,4,5,No,,
E1075,2025-03-30,5,2,2,2,4,No,,
E784,2025-02-02,2,2,1,4,4,No,,
E067,2024-05-11,3,5,1,1,2,No,,Beatae assumenda accusantium consequuntur blanditiis debitis molestiae suscipit magni.
E352,2025-01-29,2,1,2,2,2,Sí,,Laborum ipsum cum ea facilis autem molestias perferendis laudantium rerum odit.
E277,2025-03-14,5,4,2,3,5,No,,
E641,2025-01-22,1,5,1,4,5,No,,Nemo natus similique odit earum adipisci nam enim.
E1050,2025-01-05,4,4,3,3,1,No,,
E948,2025-02-03,4,1,4,2,2,No,,
E941,2024-09-30,4,5,1,3,2,No,,
E598,2024-10-19,5,1,1,1,5,No,,
E241,2025-01-17,2,4,1,2,5,Sí,,
E623,2024-07-11,3,1,5,1,2,No,,Architecto autem blanditiis alias iusto officia odit ea necessitatibus unde similique officiis reprehenderit.
E020,2024-12-11,1,1,2,4,1,No,,
E462,2025-03-01,5,3,2,3,4,No,,
E090,2024-10-07,4,4,4,5,4,No,,
E492,2024-07-12,1,4,5,5,5,No,,Iusto quisquam officiis labore possimus fuga id temporibus ipsa in.
E772,2025-04-04,2,2,3,4,2,No,,Beatae beatae excepturi ratione cumque nobis eligendi doloribus illo non.
E173,2025-03-30,1,5,2,3,3,No,,
E879,2024-05-28,1,4,5,1,1,No,,
E583,2024-05-09,4,4,2,2,1,No,,
E666,2024-08-20,3,1,5,1,4,No,,Consequatur asperiores praesentium illo libero quidem praesentium ipsum labore molestias.
E404,2025-01-05,5,4,2,1,5,No,,
E098,2024-05-11,1,3,5,5,5,No,,
E199,2025-01-06,4,1,4,2,1,No,,
E076,2025-04-08,3,4,4,3,4,No,,Minima odit rerum repellat porro culpa dolores est excepturi laboriosam dolor.
E447,2024-10-06,1,4,5,1,1,No,,
E158,2024-11-17,2,2,3,2,2,Sí,Mal ambiente laboral,
E1031,2024-12-12,4,1,3,4,1,No,,
E307,2025-02-28,5,3,3,1,3,No,,
E174,2024-09-18,3,2,3,4,5,No,,Dolore voluptas voluptas voluptate corrupti maiores incidunt corporis nisi.
E583,2024-12-20,1,1,5,1,4,Sí,,
E300,2024-04-23,3,3,1,4,2,No,,Accusantium ad odit minima adipisci iure corporis.
E758,2024-11-01,4,3,4,1,5,No,,
E912,2024-09-13,1,4,1,5,3,No,,Voluptatibus atque quasi optio voluptatem reiciendis omnis unde.
E967,2024-08-15,1,3,5,3,5,Sí,Mal ambiente laboral,Nemo deserunt fugiat quo nam illo repellendus quidem nulla est.
E001,2024-11-08,2,1,5,4,1,No,,Totam dolore laboriosam commodi molestiae mollitia omnis quae natus earum ut laudantium.
E145,2024-11-30,2,2,1,1,4,No,,
E248,2024-08-22,2,3,5,5,1,Sí,Salario bajo,Occaecati similique mollitia iusto repellendus delectus voluptate illo suscipit quis magni repudiandae.
E658,2024-05-31,4,4,2,3,4,No,,
E451,2024-10-07,5,4,2,1,2,No,,
E267,2024-09-23,4,4,1,1,3,No,,
E853,2024-10-30,5,5,3,3,1,No,,
E142,2025-03-29,4,1,1,1,5,No,,
E707,2025-01-02,1,2,1,1,3,No,,Aliquid enim corrupti nostrum saepe sit inventore molestias pariatur odit.
E612,2025-04-17,4,4,2,4,3,No,,
E1107,2025-03-12,5,1,2,5,4,No,,
E1156,2024-08-20,4,3,1,5,2,No,,
E409,2024-10-16,3,2,1,3,2,No,,
E681,2024-05-26,1,2,4,3,1,No,,
E774,2025-03-31,4,4,5,4,4,No,,
E501,2024-11-11,2,2,1,4,4,No,,
E1164,2024-08-10,3,5,1,3,5,No,,Voluptates quaerat neque quos excepturi doloribus vel qui dolorem.
E790,2024-11-22,1,5,4,1,5,No,,Iusto magni atque dolorem tempore optio dignissimos aperiam ipsa ad adipisci laborum unde modi.
E152,2024-12-29,3,3,5,2,4,No,,Fugiat sequi tempore placeat optio minima error.
E597,2024-10-20,4,4,1,4,4,No,,
E1189,2024-06-16,1,5,3,1,4,No,,Officia dolores veniam sint provident eaque adipisci nostrum.
E675,2024-07-27,2,4,1,5,3,No,,
E565,2025-01-29,1,1,5,4,2,Sí,Falta de reconocimiento,Consectetur dicta vero sint architecto voluptates voluptates enim impedit.
E714,2024-12-27,2,1,5,4,2,No,,
E403,2025-02-02,2,4,3,3,4,No,,Quam vero non beatae ipsa reprehenderit fuga.
E980,2024-07-11,1,1,2,5,3,No,,Ullam deleniti recusandae quaerat culpa ab provident consectetur asperiores fuga eum consectetur laborum.
E754,2024-09-27,1,3,1,3,3,No,,Consequatur voluptas illo aspernatur asperiores aperiam.
E763,2024-12-06,1,4,1,5,2,No,,
E734,2024-07-28,3,4,4,1,1,No,,Saepe adipisci exercitationem sed ipsam reprehenderit illum expedita error dolorum.
E084,2024-11-20,5,4,5,5,1,No,,
E060,2024-09-08,1,2,1,1,1,No,,Laborum quo ex assumenda veritatis exercitationem.
E266,2025-01-27,4,5,4,4,2,No,,
E244,2025-01-06,3,3,4,3,3,No,,Ipsam voluptates rerum omnis atque quod deserunt voluptates.
E166,2024-12-22,1,2,1,3,2,No,,Alias numquam perferendis sunt quo nobis dicta.
E1005,2025-03-16,3,4,1,1,1,No,,Nostrum accusamus nulla nisi et quibusdam cupiditate sunt beatae.
E184,2024-10-28,3,4,4,4,1,No,,
E583,2024-10-30,2,4,1,4,1,No,,Ex illum in quidem iste est ducimus officia autem corporis esse deleniti maxime deleniti.
E348,2024-07-19,2,3,3,3,2,No,,
E606,2024-09-12,1,2,2,2,3,Sí,Pocas oportunidades de crecimiento,Nisi modi magni placeat in optio eum quidem.
E138,2024-08-18,1,4,1,2,2,No,,Recusandae officiis veritatis tenetur quos quis enim nostrum quod voluptatem ea.
E890,2024-12-08,2,1,3,1,3,No,,
E1093,2024-11-28,2,1,3,3,4,No,,Necessitatibus aliquam vitae aspernatur iusto cupiditate.
E453,2024-11-09,5,5,1,2,3,No,,
E698,2025-01-30,4,5,4,3,5,No,,
E420,2024-09-23,1,4,1,2,4,No,,
E708,2024-10-18,3,4,4,4,3,No,,Voluptates enim magnam explicabo quod labore nemo dicta facilis delectus voluptatem.
E658,2024-06-07,1,1,2,3,5,No,,
E791,2024-08-09,4,4,4,4,4,No,,
E545,2025-03-21,3,3,2,5,1,No,,Voluptas tempore quisquam magni quisquam commodi vel officia praesentium tempora iusto.
E480,2024-05-28,3,3,4,3,1,No,,Consequuntur unde nobis eaque eius temporibus impedit itaque corporis ab nostrum nemo reprehenderit.
E370,2024-09-02,5,3,5,3,3,No,,
E822,2024-05-28,1,4,5,4,2,No,,Pariatur laudantium sint fugit quaerat exercitationem.
E117,2025-02-19,4,4,1,4,4,No,,
E530,2024-05-17,4,2,5,2,5,No,,
E546,2024-07-05,5,5,1,1,2,No,,
E1134,2024-10-27,3,4,4,1,5,No,,Vero ipsam ad iure voluptatum distinctio recusandae reprehenderit.
E058,2024-08-18,4,1,2,2,3,No,,
E681,2024-06-05,2,2,1,1,3,Sí,,
E861,2024-12-17,1,3,5,2,1,No,,Suscipit tempora odio provident tempora eaque natus illo dignissimos laborum.
E266,2024-09-08,5,3,4,2,2,No,,
E174,2024-11-14,3,4,1,4,3,No,,
E731,2025-01-29,3,2,5,5,5,No,,Doloremque aspernatur praesentium expedita quis tempore.
E683,2024-10-20,4,5,3,3,3,No,,
E039,2024-08-08,1,4,5,2,5,Sí,,Repellendus perspiciatis magnam alias aliquam alias necessitatibus adipisci voluptates.
E146,2024-12-16,4,5,1,3,1,No,,
E906,2025-02-20,5,4,5,4,1,No,,
E611,2024-04-27,1,4,3,2,1,No,,Ab accusantium debitis suscipit corporis voluptatem eligendi ad veniam dolorem sed.
E725,2025-04-19,1,5,4,4,3,Sí,Pocas oportunidades de crecimiento,
E131,2024-07-26,3,1,1,2,4,No,,
E1139,2025-04-03,2,5,1,5,5,No,,
E802,2024-09-20,5,1,1,1,2,No,,
E1079,2024-08-07,2,4,2,4,5,No,,
E117,2025-01-04,4,4,1,2,1,No,,
E370,2024-12-20,4,2,5,1,2,No,,
E395,2024-05-28,3,2,5,5,4,No,,
E751,2024-10-25,2,2,1,4,1,Sí,,
E076,2025-03-16,4,3,2,4,1,No,,
E606,2024-06-12,5,2,2,3,1,No,,
E1154,2024-10-26,1,1,1,5,5,No,,
E1035,2025-03-07,2,3,5,5,4,No,,Qui corporis perferendis recusandae magnam sapiente deserunt consectetur itaque accusamus nisi.
E501,2025-03-23,2,2,3,3,2,Sí,Problemas con el supervisor,
E328,2025-04-16,2,1,4,4,2,Sí,Problemas con el supervisor,
E993,2025-02-14,4,3,2,1,1,No,,
E186,2025-02-25,4,2,4,1,3,No,,
E1008,2024-06-11,1,4,1,5,3,Sí,,
E179,2024-08-01,1,3,2,5,3,No,,Tempora unde accusamus ut deserunt amet laboriosam libero ut rem.
E412,2024-10-22,2,4,2,2,4,No,,
E250,2025-02-12,4,5,4,3,2,No,,
E582,2024-06-17,3,2,1,2,2,No,,
E676,2024-06-23,3,4,3,4,4,No,,
E032,2025-01-25,5,5,3,3,5,No,,
E603,2024-07-26,1,2,1,1,5,No,,Voluptatem eius harum asperiores tempore qui voluptate esse occaecati ducimus molestiae quaerat.
E656,2024-09-17,4,4,2,3,4,No,,
E858,2024-10-11,2,5,5,2,4,No,,Eligendi in inventore recusandae aut in cum.
E1198,2024-06-21,1,1,3,2,4,No,,
E277,2025-04-06,1,5,1,5,1,No,,
E886,2024-04-29,5,1,2,5,4,No,,
E1135,2024-12-18,5,5,2,1,5,No,,
E252,2024-11-03,4,2,4,3,1,No,,
E185,2025-03-10,2,5,5,1,2,Sí,,
E261,2024-07-04,2,5,3,2,1,No,,
E747,2024-07-12,2,3,3,2,4,No,,
E029,2024-12-26,5,4,2,1,4,No,,
E505,2024-06-29,2,1,5,3,3,No,,
E155,2025-02-13,4,3,3,5,1,No,,
E417,2024-07-29,1,2,2,2,2,No,,
E1102,2025-02-23,2,5,4,4,2,No,,
E987,2025-03-02,5,5,5,5,2,No,,
E328,2024-08-30,1,3,1,4,5,Sí,,
E826,2024-12-29,2,5,3,4,4,No,,Molestias reprehenderit natus assumenda ex aliquam eum nihil eaque tempore nesciunt.
E620,2024-10-14,1,2,3,2,4,No,,
E933,2024-04-22,2,5,5,3,5,Sí,,
E301,2024-10-30,5,1,3,2,5,No,,
E1014,2025-01-20,1,3,5,2,4,Sí,,
E328,2024-12-24,3,5,2,3,5,No,,
E798,2024-05-30,1,5,5,2,2,No,,Saepe dolorum recusandae illo temporibus dicta placeat.
E1113,2024-06-17,2,1,5,2,5,No,,Ipsa alias quam ipsam itaque voluptas esse modi similique harum laudantium officia ipsam.
E004,2025-04-07,3,5,2,1,3,No,,
E667,2024-12-06,3,3,3,2,4,No,,
E137,2024-07-31,3,5,2,3,3,No,,
E211,2025-04-03,5,1,3,1,5,No,,
E336,2024-12-09,4,4,2,4,5,No,,
E753,2024-08-11,5,1,2,1,1,No,,
E1132,2025-02-11,3,1,5,5,5,No,,Beatae quaerat enim eius ab natus labore perferendis minus explicabo.
E409,2024-09-03,5,4,5,5,5,No,,
E667,2024-06-05,2,4,3,1,3,No,,
E419,2024-05-26,1,4,3,4,3,No,,
E1070,2024-09-19,1,2,4,3,1,No,,Similique aspernatur ab eveniet nisi quas.
E1047,2024-09-15,1,5,2,4,2,No,,Expedita laudantium harum porro veniam facere debitis fugiat itaque ipsum nisi similique.
E873,2025-03-19,3,5,2,5,3,No,,Repellendus quam reiciendis quasi modi molestiae nesciunt impedit animi deleniti.
E852,2025-02-17,1,1,4,5,1,No,,Consectetur fuga laborum occaecati quasi quam quisquam quod velit.
E377,2025-04-17,1,3,5,2,2,No,,Cumque ex veniam blanditiis illum maiores ipsa repellat pariatur quae.
E1080,2024-11-24,3,1,3,4,5,No,,
E508,2024-11-29,3,4,2,5,1,No,,
E437,2025-01-17,3,1,1,3,1,No,,
E323,2024-07-31,4,5,3,5,2,No,,
E1136,2025-01-23,1,1,5,4,2,No,,Mollitia modi dolorum nobis veniam saepe vero facere cupiditate perferendis.
E737,2024-06-25,3,3,2,4,1,No,,
E202,2024-11-16,1,2,2,5,5,No,,
E363,2024-10-05,1,1,4,2,2,No,,
E134,2024-10-26,4,4,2,2,3,No,,
E869,2024-07-13,3,5,5,3,3,No,,
E293,2024-05-12,4,3,3,4,3,No,,
E031,2024-11-18,2,4,3,2,1,No,,
E567,2024-08-05,5,4,5,5,4,No,,
E1192,2024-05-10,2,2,2,5,2,No,,
E942,2025-04-04,3,5,1,5,3,No,,Nesciunt culpa quaerat labore officiis fuga mollitia voluptas.
E1123,2024-06-21,5,3,5,3,4,No,,
E333,2024-11-13,4,2,4,3,3,No,,
E438,2025-01-14,3,2,1,1,1,No,,Ipsum perferendis quae alias enim impedit quibusdam itaque iste voluptatem repellendus.
E053,2025-02-13,3,3,3,4,3,No,,Expedita vero provident esse ratione animi voluptatibus molestias quisquam deleniti dicta recusandae.
E168,2024-05-29,1,4,2,3,4,No,,Dolores nihil sed sapiente praesentium quos voluptas maiores.
E300,2024-12-08,2,4,5,2,5,No,,Eveniet quibusdam eos maiores odio numquam dolorem.
E341,2025-03-13,1,2,2,1,1,Sí,Pocas oportunidades de crecimiento,
E1006,2025-01-12,2,4,5,4,3,No,,Sequi voluptate nobis optio corrupti sint sed facilis perspiciatis totam.
E1043,2025-01-17,1,5,1,2,5,No,,Nemo asperiores ad maiores sapiente quisquam itaque reprehenderit autem nostrum molestiae.
E334,2025-02-06,5,2,3,5,4,No,,
E168,2025-03-28,3,3,1,3,5,No,,
E496,2024-04-25,4,1,1,3,2,No,,
E261,2024-12-03,1,1,4,2,3,No,,Natus repudiandae eos ab odit in sed quasi ullam aut.
E733,2024-12-25,5,3,4,5,2,No,,
E809,2024-12-10,4,3,4,3,2,No,,
E445,2024-12-12,5,5,5,5,4,No,,
E1042,2024-12-01,1,4,4,4,4,No,,At saepe omnis possimus quaerat sapiente dolore in placeat architecto repellendus.
E840,2024-04-25,5,5,3,5,4,No,,
E003,2025-01-18,3,1,4,4,3,No,,
E609,2025-01-31,2,5,4,5,3,Sí,,Impedit ipsam eum accusamus placeat recusandae mollitia ea totam incidunt iure.
E1127,2024-10-04,2,1,2,4,3,No,,Eum deserunt reiciendis minima fuga a fuga maxime aspernatur.
E1002,2024-09-11,2,1,2,3,1,No,,Inventore mollitia aut dolorum magnam quod sapiente.
E363,2025-02-21,5,5,2,1,3,No,,
E381,2024-05-20,2,5,4,5,2,No,,Nobis placeat quas repellat magni sed voluptatum.
E1149,2024-07-31,2,5,3,3,5,Sí,Falta de reconocimiento,Quisquam delectus delectus ipsam dolorem ratione veniam vitae exercitationem.
E617,2025-02-28,4,1,3,4,1,No,,
E672,2024-12-09,5,1,5,4,3,No,,
E1176,2024-07-26,4,5,3,2,1,No,,
E638,2025-04-22,5,3,1,2,4,No,,
E1119,2024-10-25,3,4,4,2,2,No,,Corporis facilis quis nisi eligendi ut adipisci ipsa.
E724,2024-05-03,3,2,3,1,5,No,,
E114,2024-05-08,2,5,1,3,5,No,,Ab perferendis delectus officiis culpa voluptatem fugit ad.
E306,2024-08-09,1,3,1,4,3,No,,
E602,2024-08-08,5,5,3,3,4,No,,
E818,2024-07-07,5,1,3,1,2,No,,
E514,2024-11-10,4,2,4,4,1,No,,
E1178,2024-06-16,2,3,3,4,4,No,,Eius quidem quasi dolore cum cum beatae exercitationem quae repellat.
E107,2024-07-08,3,5,2,2,5,No,,Hic nisi autem nisi accusantium voluptas perferendis nesciunt.
E208,2024-07-08,4,5,2,5,2,No,,
E126,2025-04-04,2,4,2,4,5,No,,Tempore fugiat dolore nesciunt consectetur repellendus magnam ut.
E379,2024-12-11,5,3,5,1,3,No,,
E119,2025-02-14,5,3,2,4,1,No,,
E1106,2025-01-08,1,1,2,5,4,No,,Voluptas architecto eaque accusamus assumenda cumque consequatur inventore amet voluptas labore.
E825,2024-11-02,2,1,1,2,2,No,,
E1090,2025-03-24,3,3,1,3,5,No,,Quidem aspernatur temporibus deserunt temporibus nulla porro delectus quidem et.
E1154,2025-02-28,3,4,4,2,1,No,,
E593,2024-10-20,3,2,4,4,2,No,,Amet sequi voluptate sunt expedita fuga nesciunt.
E1016,2025-04-14,5,4,1,5,2,No,,
E973,2024-07-05,5,2,4,1,1,No,,
E925,2024-12-31,5,2,1,1,3,No,,
E820,2024-08-19,1,1,1,2,1,No,,
E055,2025-02-19,5,2,1,5,3,No,,
E856,2025-01-25,4,3,5,2,5,No,,
E361,2024-10-17,4,5,3,3,3,No,,
E188,2024-12-20,1,5,4,2,3,No,,
E105,2024-12-06,4,2,1,2,3,No,,
E566,2024-11-30,4,1,5,1,3,No,,
E737,2024-11-13,3,5,1,2,3,No,,Aperiam enim enim deleniti enim dignissimos asperiores velit itaque culpa.
E976,2024-06-15,4,1,5,5,1,No,,
E1011,2024-10-14,4,3,2,5,3,No,,
E1109,2025-03-19,1,5,2,5,4,No,,
E632,2024-09-29,3,3,2,5,1,No,,
E303,2024-08-07,4,1,1,3,5,No,,
E306,2024-05-06,2,2,2,5,4,Sí,,Alias ea minus voluptatibus ut dicta laborum ab.
E102,2025-03-31,3,2,2,3,1,No,,Sequi accusamus illo vel quae repudiandae cupiditate labore soluta facere sapiente.
E274,2024-09-22,1,1,3,2,2,No,,
E983,2025-04-02,5,1,5,3,4,No,,
E916,2024-09-15,3,1,3,3,4,No,,
E984,2025-02-24,4,5,3,5,5,No,,
E1012,2025-04-17,5,5,5,4,1,No,,
E596,2024-11-03,2,1,5,4,3,No,,
E520,2025-02-20,1,1,2,5,5,Sí,,
E337,2025-02-06,5,2,4,4,1,No,,
E481,2024-11-26,5,4,5,1,5,No,,
E414,2025-02-01,5,3,3,5,1,No,,
E767,2024-09-29,4,1,4,2,2,No,,
E596,2024-10-22,1,5,3,3,3,No,,Autem dicta neque modi cum tempore vel.
E931,2024-06-08,2,2,5,5,2,Sí,,
E881,2024-06-26,3,2,4,1,5,No,,
E994,2025-01-09,1,2,5,1,3,No,,Dolorem aliquid praesentium exercitationem reiciendis incidunt iusto fugiat totam deleniti exercitationem amet.
E704,2024-04-28,5,3,5,4,1,No,,
E331,2025-03-17,1,1,1,1,1,No,,Animi facere numquam voluptate minima ex officiis quidem quaerat corporis.
E692,2024-10-30,1,1,5,4,1,No,,Accusamus unde veniam facilis ex aspernatur neque nam culpa ullam a ex assumenda.
E987,2025-03-18,1,5,2,1,2,No,,Vero explicabo nemo facere provident earum iste provident natus veniam.
E744,2024-12-17,4,3,3,1,5,No,,
E1034,2025-01-27,3,3,2,3,3,No,,A quis fugiat cum dolore a iusto soluta.
E889,2025-04-22,2,1,5,5,1,No,,Non minus maiores dolore iusto asperiores molestiae repudiandae sunt architecto.
E178,2024-12-15,3,2,3,2,1,No,,Nulla excepturi inventore eum fuga officiis asperiores ex magni molestiae porro ut suscipit.
E590,2024-06-26,3,2,2,4,1,No,,Sed cum consequuntur eos voluptatum nulla minima.
E168,2024-12-19,2,4,2,2,5,No,,Temporibus accusamus ab iure inventore provident asperiores.
E334,2024-07-25,2,1,3,4,2,No,,Velit aperiam veritatis totam dolor reprehenderit.
E1163,2024-07-01,2,5,5,3,3,No,,
E854,2025-01-29,1,4,1,3,4,No,,Possimus commodi illo culpa distinctio veniam similique debitis cum iure consequuntur deleniti asperiores.
E320,2024-10-16,5,2,1,1,2,No,,
E194,2024-11-25,1,2,1,1,3,No,,Aut corporis doloribus odio doloremque perspiciatis ullam dicta occaecati rem modi.
E003,2025-01-01,4,2,3,3,1,No,,
E491,2025-02-13,2,3,4,1,1,No,,
E327,2025-01-23,1,5,5,1,3,Sí,Problemas con el supervisor,Corrupti ut facilis ipsa iste odit beatae sunt dicta.
E065,2025-03-12,4,4,3,1,2,No,,
E749,2024-05-18,3,5,3,2,3,No,,Molestias quod provident dolorum laboriosam neque tempore dolores.
E567,2024-09-01,4,2,4,1,4,No,,
E1045,2024-10-31,1,1,2,4,2,Sí,,
E763,2024-10-04,5,3,1,5,4,No,,
E947,2025-03-06,3,3,3,2,2,No,,
E726,2025-01-02,1,1,4,5,3,No,,Mollitia nam commodi incidunt necessitatibus porro id corporis consectetur repellat ea provident.
E1113,2025-02-26,2,5,1,1,5,No,,Repudiandae omnis repellendus eveniet ea perspiciatis perspiciatis vero dolore dolor praesentium ex.
E450,2024-09-16,4,1,2,1,3,No,,
E520,2024-07-21,2,4,5,1,5,No,,
E137,2025-02-26,4,5,5,2,2,No,,
E1052,2025-03-04,5,1,4,5,5,No,,
E1070,2025-03-23,4,4,2,3,5,No,,
E111,2025-03-25,5,3,1,4,3,No,,
E489,2024-10-01,3,4,4,1,5,No,,
E038,2024-06-13,4,4,4,1,4,No,,
E981,2024-11-12,5,4,3,3,2,No,,
E158,2024-09-29,2,1,3,4,3,No,,
E835,2024-05-30,2,4,4,3,1,No,,Est explicabo ex unde voluptas enim perspiciatis ipsum nostrum ipsum sit cum.
E670,2025-03-11,4,5,4,2,5,No,,
E1077,2024-07-18,5,3,4,3,1,No,,
E280,2024-11-06,1,4,1,4,4,No,,
E1144,2024-09-28,4,4,5,4,2,No,,
E051,2025-04-19,4,4,4,3,4,No,,
E1178,2024-10-19,2,3,1,5,2,No,,
E655,2025-02-22,3,1,2,2,3,No,,Explicabo libero hic necessitatibus quidem nobis quod temporibus cupiditate nostrum id architecto ratione.
E380,2025-01-28,2,3,4,1,4,No,,
E272,2024-07-27,4,4,1,3,1,No,,
E639,2024-06-08,1,5,3,5,1,Sí,Pocas oportunidades de crecimiento,Neque et distinctio placeat facilis qui perferendis.
E1125,2024-10-09,2,3,3,2,2,No,,
E372,2024-11-14,5,5,4,2,2,No,,
E440,2024-09-28,1,1,1,3,3,No,,
E503,2024-11-11,3,2,5,4,3,No,,
E1159,2024-09-11,4,1,2,3,4,No,,
E142,2025-04-21,1,5,4,1,5,No,,
E265,2024-05-26,5,3,1,5,4,No,,
E191,2024-11-23,2,1,2,2,5,No,,Distinctio commodi deleniti nesciunt ab ipsum minima reprehenderit minima porro eveniet similique odit.
E298,2024-12-30,2,4,2,4,2,No,,Molestiae sunt rem ullam velit ab modi.
E1037,2024-05-24,1,1,4,1,5,No,,A delectus consequatur dolorem similique eum.
E319,2024-12-11,4,1,2,1,3,No,,
E584,2024-10-31,2,5,3,3,5,No,,
E1075,2024-09-14,5,1,4,1,4,No,,
E006,2024-09-14,5,1,3,2,3,No,,
E354,2024-12-22,4,3,3,2,3,No,,
E173,2024-08-29,4,3,4,4,3,No,,
E663,2025-02-28,1,1,4,1,5,No,,Consectetur dolores recusandae placeat asperiores delectus veniam non nulla.
E230,2025-03-21,1,4,1,1,4,No,,
E182,2025-01-13,1,3,4,4,4,No,,Dolore aut expedita quisquam quos maxime distinctio blanditiis nihil dolor qui illum.
E501,2024-10-17,5,1,3,1,3,No,,
E1086,2024-09-17,5,1,4,2,4,No,,
E089,2024-09-07,3,4,5,5,1,No,,
E024,2024-07-01,1,3,3,1,1,No,,Iusto earum cumque eaque cupiditate nesciunt unde.
E1125,2025-02-02,1,5,5,2,5,Sí,,
E778,2024-07-22,3,2,5,4,2,No,,Rerum repudiandae necessitatibus culpa occaecati sapiente totam mollitia natus omnis corporis.
E1026,2024-11-03,2,5,2,2,2,Sí,Problemas con el supervisor,
E383,2024-09-03,5,2,3,4,3,No,,
E119,2025-04-03,1,2,2,5,1,No,,
E495,2024-08-26,1,2,4,2,4,Sí,Pocas oportunidades de crecimiento,
E103,2025-01-14,2,5,4,2,1,No,,
